{"cameraMode":{"drawMode":0,"name":"Shaded","section":"Shading Mode"},"sceneLighting":true,"audioPlay":false,"sceneViewState":{"showFog":true,"showMaterialUpdate":false,"showSkybox":true,"showFlares":true,"showImageEffects":true,"showParticleSystems":true},"in2DMode":false,"pivot":{"x":14.898910522460938,"y":7.580962657928467,"z":-12.089764595031739},"rotation":{"x":0.03873160108923912,"y":0.7891474366188049,"z":-0.05002661049365997,"w":0.6109459400177002},"size":79.14543914794922,"orthographic":false}