{"cameraMode":{"drawMode":0,"name":"Shaded","section":"Shading Mode"},"sceneLighting":false,"audioPlay":false,"sceneViewState":{"showFog":true,"showMaterialUpdate":false,"showSkybox":true,"showFlares":true,"showImageEffects":true,"showParticleSystems":true},"in2DMode":false,"pivot":{"x":-23.469999313354493,"y":3.9099998474121095,"z":15.65999984741211},"rotation":{"x":-0.0027948797214776279,"y":0.7466422319412231,"z":0.0031220801174640657,"w":0.6652310490608215},"size":0.5944401621818543,"orthographic":false}