{"cameraMode":{"drawMode":0,"name":"Shaded","section":"Shading Mode"},"sceneLighting":false,"audioPlay":false,"sceneViewState":{"showFog":true,"showMaterialUpdate":false,"showSkybox":true,"showFlares":true,"showImageEffects":true,"showParticleSystems":true},"in2DMode":false,"pivot":{"x":-8.704000473022461,"y":2.046579360961914,"z":5.705622673034668},"rotation":{"x":0.003055430017411709,"y":0.9964946508407593,"z":-0.04218629375100136,"w":0.0721733421087265},"size":1.4754079580307007,"orthographic":false}